{"cameraMode":{"drawMode":0,"name":"Shaded","section":"Shading Mode"},"sceneLighting":false,"audioPlay":false,"sceneViewState":{"m_AlwaysRefresh":false,"showFog":true,"showSkybox":false,"showFlares":true,"showImageEffects":true,"showParticleSystems":true,"showVisualEffectGraphs":true,"m_FxEnabled":true},"in2DMode":false,"pivot":{"x":0.000431060791015625,"y":0.3437500596046448,"z":0.00096893310546875},"rotation":{"x":-0.43082550168037417,"y":-0.03734343871474266,"z":0.017856547608971597,"w":-0.9015042781829834},"size":8.849703788757325,"orthographic":false}